{"flutter":{"platforms":{"android":{"default":{"projectId":"facebookclone-1a1db","appId":"1:654241041275:android:5e4b0d88554216d78fcbde","fileOutput":"android/app/google-services.json"}},"dart":{"lib/firebase_options.dart":{"projectId":"facebookclone-1a1db","configurations":{"android":"1:654241041275:android:5e4b0d88554216d78fcbde","ios":"1:654241041275:ios:1d0283ae2b6118cb8fcbde","macos":"1:654241041275:ios:1d0283ae2b6118cb8fcbde","web":"1:654241041275:web:5606313831a1238d8fcbde","windows":"1:654241041275:web:04449bde3c25a2458fcbde"}}}}}}