[
  {
    "id": 1,
    "author": "Nguyễn Văn A",
    "avatar": "https://i.pravatar.cc/100?img=1",
    "content": "Hôm nay trời đẹp, đi chơi thôi!",
    "image": "https://via.placeholder.com/600x300",
    "likes": 12,
    "comments": 3,
    "timestamp": "2025-10-10T08:00:00Z"
  },
  {
    "id": 2,
    "author": "Trần Thị B",
    "avatar": "https://i.pravatar.cc/100?img=2",
    "content": "Đã hoàn thành bài tập môn Flutter!",
    "image": "https://via.placeholder.com/600x300/ffcc00",
    "likes": 45,
    "comments": 10,
    "timestamp": "2025-10-11T10:30:00Z"
  }
]
