{
  "project_info": {
    "project_number": "654241041275",
    "project_id": "facebookclone-1a1db",
    "storage_bucket": "facebookclone-1a1db.firebasestorage.app"
  },
  "client": [
    {
      "client_info": {
        "mobilesdk_app_id": "1:654241041275:android:5e4b0d88554216d78fcbde",
        "android_client_info": {
          "package_name": "com.example.fb_clone_demo"
        }
      },
      "oauth_client": [],
      "api_key": [
        {
          "current_key": "AIzaSyBIbjtcgqwzmMzbXz5xaItNDnCkgGft9wc"
        }
      ],
      "services": {
        "appinvite_service": {
          "other_platform_oauth_client": []
        }
      }
    }
  ],
  "configuration_version": "1"
}